Dia,mes,ano,Tmed,Tmin ,Tmax ,URmed,URmin,URmax,Vv2m,Hg,P,ETo,ETc,
*Dia ,Mês,Ano,(°C),(°C),(°C),(%),(%),(%),(m/s),(MJ m-2),(mm),(mm),(mm),
1,6,2019,24.45,21.63,29.07,83.50,59.42,94.10,1.11,15.71,0.00,3.18,1.11,
2,6,2019,24.11,19.86,29.64,77.17,46.80,95.70,1.22,20.34,2.03,4.16,1.46,
3,6,2019,24.19,19.56,29.95,79.32,48.21,94.40,1.50,19.56,0.00,4.18,1.46,
4,6,2019,24.10,20.19,30.07,79.57,50.09,94.10,1.24,15.74,0.00,3.44,1.21,
5,6,2019,24.07,19.95,29.83,80.17,53.22,93.80,1.33,17.21,0.00,3.64,1.27,
6,6,2019,24.10,20.30,29.59,79.12,49.26,94.60,1.35,18.66,6.86,3.93,1.38,
7,6,2019,24.18,20.33,29.17,80.75,54.30,94.40,1.37,17.10,9.91,3.58,1.25,
8,6,2019,23.39,20.42,28.81,87.97,63.80,94.40,1.13,14.39,4.83,2.88,1.01, 
9,6,2019,23.55,20.79,28.69,86.21,59.14,94.40,1.25,14.91,4.83,3.09,1.08,
10,6,2019,23.95,20.81,28.65,83.50,59.93,94.20,1.48,15.39,1.27,3.23,1.13,
11,6,2019,23.88,20.40,28.59,81.27,53.78,94.50,1.33,15.61,11.18,3.31,1.16,
12,6,2019,23.65,20.17,29.42,84.91,56.45,94.50,1.48,14.87,29.97,3.25,1.14,
13,6,2019,23.07,21.34,27.55,91.57,79.73,95.60,1.34,6.88,9.40,1.46,0.51,
14,6,2019,24.30,21.47,28.83,81.53,55.53,95.40,1.53,16.64,9.14,3.53,1.23,
15,6,2019,23.90,20.99,27.68,80.93,61.68,92.80,1.74,9.18,8.13,2.33,0.82,
16,6,2019,24.24,21.85,27.97,80.55,61.64,93.20,1.71,10.71,64.52,2.56,0.89,
17,6,2019,23.01,22.07,27.11,91.45,72.10,93.90,1.72,5.91,8.38,1.57,0.55,
18,6,2019,23.99,20.99,28.78,82.94,55.92,94.20,1.44,15.90,0.25,3.38,1.18,
19,6,2019,23.51,19.71,28.57,80.37,58.11,93.10,1.41,17.63,1.27,3.58,1.25,
20,6,2019,22.96,20.01,27.38,74.17,60.31,93.80,1.10,13.41,0.00,2.80,0.98,
21,6,2019,23.50,19.48,28.94,79.54,52.86,93.70,1.40,17.31,7.62,3.64,1.27,
22,6,2019,23.47,20.24,28.69,83.48,59.18,93.10,1.61,16.55,1.78,3.47,1.22,
23,6,2019,22.35,19.32,27.00,84.04,62.13,93.40,1.34,13.50,1.78,2.77,0.97,
24,6,2019,22.92,19.21,27.86,81.47,58.20,90.30,1.32,15.44,0.25,3.20,1.12,
25,6,2019,23.10,19.48,28.38,80.49,56.58,93.30,1.43,17.74,7.11,3.61,1.26,
26,6,2019,23.39,19.49,28.28,81.13,62.23,92.20,1.89,17.15,10.41,3.56,1.25,
27,6,2019,23.00,18.98,27.29,84.02,63.38,93.10,1.73,11.27,8.89,2.56,0.90,
28,6,2019,22.71,19.41,27.18,86.65,66.46,93.10,1.42,14.17,10.41,2.82,0.99,
29,6,2019,23.61,22.12,27.57,84.66,65.34,93.30,1.75,12.84,17.27,2.78,0.97,
30,6,2019,23.16,20.38,27.32,83.11,57.67,93.70,1.49,13.79,0.00,2.97,1.04,
1,7,2019,22.58,19.50,27.59,86.08,66.21,93.70,1.22,12.18,7.37,2.48,0.87,
2,7,2019,23.61,20.09,28.56,81.18,51.68,93.60,1.13,16.79,0.51,3.44,1.21,
3,7,2019,23.60,20.13,27.60,85.94,66.61,93.40,0.90,13.10,2.29,2.53,0.88,
4,7,2019,24.44,20.39,29.73,83.25,61.70,94.90,0.84,17.46,0.00,3.33,1.17,
5,7,2019,24.30,20.53,29.28,83.68,64.74,96.20,1.37,15.38,0.00,3.10,1.08,
6,7,2019,24.75,20.06,30.07,77.74,50.98,92.90,1.38,19.14,0.00,4.03,1.41,
7,7,2019,24.07,20.13,28.94,79.77,54.64,93.60,1.23,19.58,0.25,3.89,1.36,
8,7,2019,22.40,20.55,26.73,88.69,66.80,93.10,1.57,10.67,23.88,2.33,0.82,
9,7,2019,23.80,21.33,27.89,83.46,59.81,93.90,1.37,15.98,3.05,3.25,1.14,
10,7,2019,23.33,21.13,27.42,86.13,64.09,94.20,1.39,15.73,8.89,3.11,1.09,
11,7,2019,23.22,21.28,27.37,88.29,69.64,93.70,1.20,14.61,14.22,2.80,0.98,
12,7,2019,23.31,19.67,28.01,82.00,56.57,93.40,1.26,18.31,7.11,3.62,1.27,
13,7,2019,21.75,19.29,24.92,89.12,72.64,93.30,1.34,8.36,7.37,1.75,0.61,
14,7,2019,23.06,20.15,27.51,86.02,65.18,93.60,1.37,10.73,5.08,2.33,0.82,
15,7,2019,22.78,18.26,27.88,75.51,45.92,93.70,1.26,19.55,0.25,3.96,1.39,
16,7,2019,22.21,18.10,28.24,77.19,44.06,91.70,1.33,14.74,0.25,3.36,1.18,
17,7,2019,22.76,17.65,28.51,77.45,48.95,92.50,1.29,20.30,0.00,4.08,1.43,
18,7,2019,23.98,20.27,28.77,74.79,41.80,92.70,2.01,20.60,1.78,4.68,1.64,
19,7,2019,22.58,20.43,26.51,87.49,71.58,92.80,2.20,11.00,56.64,2.42,0.85,
20,7,2019,22.50,21.03,26.28,86.14,63.25,92.90,1.55,9.93,33.78,2.28,0.80,
21,7,2019,22.99,19.31,27.17,81.45,62.22,92.10,1.39,13.48,4.83,2.80,0.98,
22,7,2019,22.61,19.42,26.17,85.53,69.44,92.50,1.02,11.71,7.37,2.26,0.79,
23,7,2019,23.41,20.99,27.71,82.82,57.63,92.60,0.59,14.56,7.87,2.76,0.97,
24,7,2019,22.24,20.95,26.09,89.21,70.52,93.40,1.03,7.71,34.04,1.64,0.58,
25,7,2019,22.95,19.53,27.26,83.21,64.77,93.50,1.93,15.88,2.03,3.24,1.14,
26,7,2019,21.82,20.12,25.69,87.61,73.67,93.90,1.48,11.24,15.24,2.21,0.77,
27,7,2019,21.84,19.97,25.70,90.51,78.05,93.60,1.55,11.83,14.22,2.23,0.78,
28,7,2019,22.69,20.14,27.32,81.67,57.88,92.70,1.42,14.46,5.08,3.05,1.07,
29,7,2019,22.89,19.40,27.56,78.04,47.63,94.00,1.08,19.94,0.25,3.90,1.37,
30,7,2019,22.36,19.74,25.88,87.40,71.77,93.90,1.27,10.55,5.59,2.10,0.73,
31,7,2019,22.76,18.67,27.91,78.84,56.76,94.60,1.07,21.49,0.00,4.00,1.40,
1,8,2019,21.26,18.42,23.91,85.64,74.96,95.00,1.12,7.56,37.08,1.50,0.52,
2,8,2019,22.61,19.22,27.28,80.24,61.23,94.07,1.15,14.00,18.03,2.80,0.98,
3,8,2019,21.97,18.51,27.57,82.58,60.05,95.00,1.12,16.81,0.00,3.23,1.13,
4,8,2019,23.14,18.45,28.40,77.99,56.66,95.00,1.53,20.42,1.52,4.01,1.40,
5,8,2019,23.13,20.99,27.17,78.13,61.67,86.86,2.23,15.49,7.87,3.48,1.22,
6,8,2019,23.25,18.98,26.64,77.63,63.83,95.00,2.61,14.08,2.54,3.11,1.09,
7,8,2019,22.55,18.24,27.49,80.30,60.37,95.00,1.80,18.34,10.92,3.64,1.28,
8,8,2019,22.14,18.54,26.91,82.09,62.73,95.00,2.02,14.21,8.38,3.03,1.06,
9,8,2019,22.59,18.01,27.64,79.61,59.76,95.00,1.28,21.24,0.00,3.94,1.38,
10,8,2019,23.34,18.55,28.04,77.25,58.13,95.00,1.25,20.81,0.00,3.93,1.38,
11,8,2019,23.65,19.88,28.19,76.02,57.52,91.38,1.10,19.93,0.25,3.83,1.34,
12,8,2019,22.36,18.29,26.34,81.14,65.06,95.00,1.97,11.83,5.84,2.59,0.91,
13,8,2019,22.07,18.39,27.17,82.15,61.67,95.00,1.51,14.94,0.51,3.02,1.06,
14,8,2019,22.65,20.15,26.18,80.09,65.71,90.28,1.35,13.32,7.87,2.69,0.94,
15,8,2019,22.74,20.04,27.53,79.72,60.21,90.73,1.83,15.34,11.43,3.31,1.16,
16,8,2019,22.36,21.15,25.32,81.27,69.21,86.21,2.34,10.60,20.32,2.55,0.89,
17,8,2019,22.92,19.96,26.92,78.97,62.69,89.87,1.88,15.87,5.33,3.32,1.16,
18,8,2019,22.88,18.99,27.95,79.15,58.50,95.00,1.33,18.08,0.25,3.54,1.24,
19,8,2019,22.91,19.12,28.10,79.05,57.89,94.48,1.34,18.67,0.00,3.66,1.28,
20,8,2019,22.46,18.62,27.59,80.77,59.96,95.00,1.23,20.32,0.00,3.79,1.33,
21,8,2019,22.28,18.16,28.13,81.15,57.76,95.00,1.09,22.16,0.00,4.09,1.43,
22,8,2019,22.44,18.44,27.53,80.69,60.21,95.00,1.87,15.12,8.89,3.21,1.13,
23,8,2019,23.10,19.79,27.27,78.24,61.27,91.75,1.67,18.47,0.25,3.66,1.28,
24,8,2019,22.92,18.83,27.74,78.98,59.35,95.00,1.38,19.20,1.02,3.69,1.29,
25,8,2019,23.19,19.81,27.73,77.92,59.39,91.67,1.65,18.54,3.56,3.73,1.31,
26,8,2019,23.48,20.24,28.31,76.70,57.03,89.91,1.88,18.78,2.54,3.97,1.39,
27,8,2019,22.97,19.48,26.88,78.75,62.86,93.01,2.09,11.17,5.59,2.66,0.93,
28,8,2019,22.19,17.51,28.17,80.80,57.60,95.00,1.31,24.05,0.25,4.43,1.55,
29,8,2019,21.94,17.59,27.30,81.79,61.15,95.00,1.43,21.01,1.78,3.89,1.36,
30,8,2019,22.34,18.39,27.92,81.09,58.62,95.00,1.61,15.97,0.00,3.31,1.16,
31,8,2019,23.41,19.56,28.51,77.06,56.21,92.68,1.23,22.78,0.25,4.33,1.51,
1,9,2019,23.06,19.24,27.64,78.41,59.76,93.99,1.38,13.96,0.00,2.92,1.02,
2,9,2019,23.78,19.93,28.47,75.48,56.38,91.18,1.37,16.39,0.51,3.43,1.20,
3,9,2019,23.59,19.60,27.35,76.28,60.94,92.52,1.24,13.62,0.25,2.80,0.98,
4,9,2019,22.93,19.31,27.39,78.94,60.78,93.70,1.55,17.04,2.79,3.40,1.19,
5,9,2019,23.70,21.01,28.76,75.81,55.20,86.78,1.54,18.25,2.79,3.89,1.36,
6,9,2019,23.01,19.42,27.24,78.64,61.39,93.26,1.78,17.87,2.03,3.57,1.25,
7,9,2019,22.45,18.98,27.55,80.92,60.13,95.00,1.61,15.78,6.35,3.24,1.13,
8,9,2019,23.53,19.27,28.07,76.51,58.01,93.87,1.77,19.24,0.25,3.89,1.36,
9,9,2019,23.78,18.86,28.32,75.48,56.99,95.00,1.41,23.56,0.00,4.44,1.55,
10,9,2019,23.98,19.73,28.80,74.69,55.03,91.99,1.39,22.01,0.00,4.32,1.51,
11,9,2019,23.44,19.60,27.25,76.86,61.35,92.52,1.44,15.79,2.29,3.18,1.11,
12,9,2019,23.75,19.00,28.60,75.60,55.85,94.97,1.48,20.42,0.25,4.03,1.41,
13,9,2019,23.73,19.62,28.53,75.71,56.13,92.44,1.16,20.49,0.00,3.96,1.39,
14,9,2019,23.48,18.90,28.78,76.73,55.11,95.00,1.32,22.13,0.00,4.26,1.49,
15,9,2019,23.42,18.93,28.91,76.96,54.58,95.00,1.25,22.50,1.52,4.31,1.51,
16,9,2019,23.87,20.61,28.65,75.12,55.64,88.41,1.85,21.18,2.03,4.40,1.54,
17,9,2019,22.98,20.00,27.44,78.75,60.57,90.89,1.56,17.45,10.16,3.52,1.23,
18,9,2019,23.89,20.41,28.52,75.05,56.17,89.22,1.56,21.66,1.52,4.33,4.33,
19,9,2019,23.61,19.59,28.41,76.19,56.62,92.56,1.66,19.92,1.02,4.03,4.03,
20,9,2019,22.69,18.43,26.91,79.84,62.73,95.00,1.28,14.18,0.25,2.81,2.81,
21,9,2019,23.87,19.77,28.86,75.10,54.79,91.83,1.41,22.43,0.25,4.40,4.40,
22,9,2019,24.44,19.19,29.23,72.79,53.28,94.19,1.64,23.96,0.00,4.73,4.73,
23,9,2019,24.00,21.67,27.39,74.58,60.78,84.09,1.84,13.25,3.81,3.12,3.12,
24,9,2019,24.05,19.99,29.00,74.38,54.22,90.93,1.69,20.45,0.76,4.24,4.24,
25,9,2019,23.18,19.57,28.29,77.93,57.11,92.64,1.64,19.48,0.00,3.94,3.94,
26,9,2019,23.26,19.09,29.20,77.62,53.40,94.60,1.40,21.90,0.25,4.33,4.33,
27,9,2019,24.15,18.89,30.64,73.96,47.54,95.00,1.52,22.18,0.00,4.64,4.64,
28,9,2019,24.27,20.03,29.78,73.49,51.04,90.77,1.66,21.15,0.00,4.47,4.47,
29,9,2019,24.55,20.70,29.71,72.36,51.32,88.04,1.56,21.59,0.00,4.53,4.53,
30,9,2019,24.86,20.52,30.67,71.08,47.41,88.77,1.37,22.18,0.00,4.67,4.67,
1,10,2019,24.38,20.30,30.22,73.05,49.25,89.67,1.42,20.89,0.00,4.41,4.41,
2,10,2019,24.55,19.77,30.29,72.35,48.96,91.83,1.93,22.00,0.00,4.79,4.79,
3,10,2019,24.31,18.87,29.24,73.33,53.24,95.00,1.99,20.02,0.00,4.26,4.26,
4,10,2019,24.78,21.38,29.38,71.43,52.67,85.27,2.01,21.90,0.76,4.76,4.76,
5,10,2019,24.24,18.66,29.32,73.56,52.91,95.00,1.69,23.32,0.00,4.65,4.65,
6,10,2019,24.02,19.58,30.45,74.51,48.31,92.60,1.51,23.98,0.00,4.92,4.92,
7,10,2019,24.31,19.16,30.60,73.32,47.70,94.31,1.96,22.85,0.00,4.95,4.95,
8,10,2019,24.27,19.43,30.01,73.48,50.10,93.21,1.89,23.50,0.00,4.91,4.91,
9,10,2019,23.77,18.65,29.51,75.49,52.14,95.00,1.73,21.95,0.00,4.50,4.50,
10,10,2019,23.78,19.14,28.77,75.48,55.16,94.40,1.98,14.38,0.00,3.37,3.37,
11,10,2019,24.83,20.89,29.56,71.20,51.94,87.27,2.05,18.24,1.27,4.24,4.24,
12,10,2019,24.73,19.85,30.44,71.63,48.35,91.50,2.18,20.26,0.25,4.69,4.69,
13,10,2019,24.98,20.60,29.34,70.60,52.83,88.45,2.30,22.65,1.78,4.90,4.90,
14,10,2019,23.83,20.31,28.72,75.29,55.36,89.63,1.53,19.68,3.30,4.05,4.05,
15,10,2019,24.51,21.05,29.69,72.51,51.41,86.61,1.68,19.74,0.51,4.32,4.32,
16,10,2019,24.96,20.09,29.85,70.67,50.75,90.53,1.93,20.76,0.25,4.55,4.55,
17,10,2019,24.27,18.62,30.06,73.47,49.90,95.00,1.59,23.63,0.00,4.79,4.79,
18,10,2019,24.01,20.01,29.05,74.59,54.01,90.85,1.61,13.96,0.76,3.25,3.25,
19,10,2019,24.76,21.84,30.15,71.45,49.53,83.39,1.42,16.96,1.78,3.89,,
20,10,2019,24.87,20.75,31.47,71.04,44.15,87.84,1.95,19.90,0.00,4.80,4.80,
21,10,2019,25.56,21.71,31.52,68.25,43.95,83.92,2.10,20.96,0.00,5.12,5.12,
22,10,2019,25.26,20.21,32.21,69.43,41.14,90.04,1.99,24.72,0.00,5.66,5.66,
23,10,2019,25.13,19.50,31.92,70.03,42.32,92.93,1.79,24.53,0.00,5.41,5.41,
24,10,2019,25.37,21.13,31.01,68.96,46.03,86.17,1.68,22.29,0.00,4.95,4.95,
25,10,2019,24.85,19.96,30.04,71.17,49.98,91.05,1.71,20.37,0.00,4.42,4.42,
26,10,2019,25.31,21.71,30.08,69.29,49.82,83.92,1.59,18.06,0.51,4.13,4.13,
27,10,2019,25.40,21.76,30.45,68.87,48.31,83.72,1.84,20.31,0.00,4.67,4.67,
28,10,2019,24.60,19.97,29.73,72.08,51.24,91.01,1.81,21.82,0.00,4.62,4.62,
29,10,2019,24.14,18.93,30.20,74.00,49.33,95.00,1.45,22.35,0.00,4.56,4.56,
30,10,2019,24.69,19.52,31.32,71.82,44.76,92.85,1.63,21.70,0.00,4.78,4.78,
31,10,2019,24.84,20.29,30.89,71.20,46.52,89.71,1.61,23.80,1.27,5.06,,
1,11,2019,24.43,19.49,30.67,72.86,47.41,92.97,1.69,22.48,0.00,4.81,4.81,
2,11,2019,24.83,19.40,30.90,71.20,46.48,93.34,1.84,21.65,0.00,4.79,4.79,
3,11,2019,24.92,21.56,30.09,70.84,49.78,84.54,1.69,18.36,2.03,4.22,,
4,11,2019,25.27,20.48,31.43,69.42,44.32,88.94,1.81,21.16,0.00,4.88,4.88,
5,11,2019,25.03,20.52,31.18,70.39,45.33,88.77,1.77,23.18,0.00,5.12,5.12,
6,11,2019,25.64,20.36,31.75,67.89,43.01,89.43,1.90,24.44,0.00,5.48,5.48,
7,11,2019,25.34,20.83,30.80,69.14,46.88,87.51,1.83,19.38,0.00,4.52,4.52,
8,11,2019,25.34,20.27,30.87,69.12,46.60,89.79,1.67,20.32,0.00,4.56,4.56,
9,11,2019,25.15,20.08,30.94,69.91,46.31,90.57,1.73,21.72,0.00,4.80,4.80,
10,11,2019,25.61,21.50,30.97,68.04,46.19,84.78,1.88,20.54,0.00,4.81,4.81,
11,11,2019,26.02,21.15,31.28,66.36,44.93,86.21,1.56,21.51,0.00,4.80,4.80,
12,11,2019,25.39,20.70,31.29,68.95,44.89,88.04,1.64,21.67,0.00,4.85,4.85,
13,11,2019,25.05,20.50,30.95,70.32,46.27,88.85,1.59,21.96,1.27,4.79,,
14,11,2019,24.70,19.75,30.76,71.75,47.05,91.91,1.60,20.68,0.51,4.52,4.52,
15,11,2019,25.49,20.35,31.65,68.51,43.42,89.47,1.94,22.41,0.00,5.18,5.18,
16,11,2019,26.21,21.23,32.72,65.58,39.06,85.88,2.47,22.37,0.00,5.81,5.81,
17,11,2019,26.01,21.67,32.10,66.37,41.59,84.09,2.40,22.27,0.00,5.63,5.63,
18,11,2019,25.19,20.88,30.15,69.77,49.53,87.31,1.93,20.25,3.30,4.58,,
19,11,2019,25.18,20.55,30.64,69.72,47.54,88.65,1.70,18.35,0.00,4.25,4.25,
20,11,2019,24.68,19.98,30.93,71.82,46.35,90.97,1.63,19.88,0.00,4.46,4.46,
21,11,2019,25.18,20.51,31.25,69.80,45.05,88.81,1.62,23.59,0.25,5.11,5.11,
22,11,2019,25.16,19.67,31.57,69.87,43.75,92.24,1.75,24.88,0.00,5.38,5.38,
23,11,2019,25.25,19.42,32.01,69.54,41.95,93.26,1.59,22.67,0.00,5.03,5.03,
24,11,2019,27.15,21.30,35.76,61.83,26.67,85.59,2.20,25.01,0.00,6.84,6.84,
25,11,2019,26.83,22.48,33.48,63.02,35.96,80.79,1.96,21.46,0.00,5.59,5.59,
26,11,2019,26.44,22.55,32.62,64.64,39.47,80.50,1.61,19.46,0.00,4.85,4.85,
27,11,2019,26.16,21.83,32.12,65.74,41.50,83.43,1.74,22.55,0.00,5.28,5.28,
28,11,2019,25.72,20.85,31.70,67.55,43.22,87.10,1.73,23.31,0.00,5.24,5.24,
29,11,2019,25.42,19.83,31.85,68.79,42.60,91.58,1.95,24.28,0.00,5.47,5.47,
30,11,2019,25.68,19.86,31.88,67.76,42.48,91.46,2.00,22.12,0.00,5.18,5.18,
1,12,2019,25.82,20.74,31.71,67.18,43.17,87.88,1.93,21.06,0.00,5.01,5.01,
2,12,2019,26.77,20.82,34.41,63.29,32.17,87.55,2.14,24.76,0.00,6.35,6.35,
3,12,2019,26.81,21.81,33.50,63.15,35.88,83.52,2.14,25.01,0.00,6.22,6.22,
4,12,2019,25.97,20.46,31.76,66.55,42.97,89.02,1.72,22.25,0.00,5.06,5.06,
5,12,2019,26.00,21.20,31.89,66.44,42.44,86.00,1.66,23.59,0.25,5.30,5.30,
6,12,2019,26.47,20.88,33.03,64.52,37.80,87.31,1.99,21.96,0.00,5.48,5.48,
7,12,2019,27.88,22.78,35.09,58.77,29.40,79.56,2.37,23.25,0.00,6.62,6.62,
8,12,2019,27.27,22.62,33.15,61.29,37.31,80.22,2.48,23.10,0.00,6.15,6.15,
9,12,2019,26.32,21.26,31.87,65.13,42.52,85.76,1.91,23.50,0.00,5.44,5.44,
10,12,2019,25.65,21.48,31.04,67.87,45.91,84.86,1.64,18.48,0.25,4.37,4.37,
11,12,2019,25.87,21.23,31.68,66.96,43.30,85.88,1.57,18.95,0.00,4.49,4.49,
12,12,2019,25.65,20.86,31.19,67.87,45.29,87.39,1.60,19.96,0.00,4.56,4.56,
13,12,2019,25.59,20.09,31.78,68.11,42.89,90.53,1.67,22.22,0.00,5.00,5.00,
14,12,2019,26.13,21.09,32.02,65.92,41.91,86.45,1.80,23.59,2.54,5.40,,
15,12,2019,24.80,22.35,29.41,71.33,52.55,81.32,1.78,15.47,16.00,3.78,,
16,12,2019,25.56,21.71,30.49,68.24,48.15,83.92,1.84,20.95,3.30,4.77,,
17,12,2019,25.58,22.08,30.77,68.12,47.01,82.42,1.77,19.18,0.76,4.55,4.55,
18,12,2019,25.94,21.02,31.52,66.71,43.95,86.74,1.63,21.73,0.00,4.91,4.91,
19,12,2019,25.72,22.11,31.03,67.61,45.95,82.29,1.88,18.18,0.51,4.51,4.51,
20,12,2019,26.15,22.90,30.43,65.85,48.39,79.07,2.19,20.24,1.52,4.95,,
21,12,2019,25.69,21.81,30.76,67.66,47.05,83.52,1.77,17.58,0.51,4.28,4.28,
22,12,2019,25.61,21.00,30.68,68.00,47.37,86.82,1.72,22.46,0.00,4.92,4.92,
23,12,2019,25.85,20.43,31.60,67.07,43.62,89.14,1.68,22.49,0.00,5.04,5.04,
24,12,2019,26.17,21.42,31.69,65.77,43.26,85.11,1.81,19.62,0.00,4.76,4.76,
25,12,2019,26.51,21.43,31.67,64.41,43.34,85.06,1.95,20.35,0.00,4.95,4.95,
26,12,2019,26.73,22.91,31.14,63.45,45.50,79.03,1.90,21.86,0.51,5.16,5.16,
27,12,2019,26.16,21.35,32.25,65.73,40.97,85.39,1.53,20.97,0.76,4.88,4.88,
28,12,2019,25.80,20.84,31.84,67.29,42.65,87.47,1.41,19.29,0.00,4.44,4.44,
29,12,2019,26.03,21.76,31.53,66.36,43.91,83.72,1.31,13.24,0.00,3.42,3.42,
30,12,2019,25.59,22.76,29.52,68.08,52.10,79.32,1.56,10.47,0.25,2.94,2.94,
31,12,2019,26.55,21.52,32.88,64.18,38.41,84.70,1.71,18.20,0.00,4.71,4.71,
1,1,2020,26.60,23.62,31.68,64.01,43.30,76.14,1.69,12.90,0.00,3.78,3.78,
2,1,2020,26.72,23.28,32.38,63.50,40.44,77.53,1.81,16.22,2.54,4.50,,
3,1,2020,27.11,22.82,33.64,61.91,35.31,79.40,2.03,19.43,0.00,5.39,5.39,
4,1,2020,26.83,22.71,33.03,63.05,37.80,79.85,1.99,19.22,0.00,5.19,5.19,
5,1,2020,26.21,22.22,31.10,65.58,45.66,81.85,1.52,15.77,0.00,3.93,3.93,
6,1,2020,26.54,22.06,32.59,64.25,39.59,82.50,1.85,20.41,0.00,5.13,5.13,
7,1,2020,26.44,22.18,32.45,64.64,40.16,82.01,1.60,21.35,0.00,5.08,5.08,
8,1,2020,26.45,21.32,32.76,64.61,38.90,85.51,1.52,20.72,0.00,4.92,4.92,
9,1,2020,26.65,22.57,31.63,63.81,43.50,80.42,1.82,24.06,0.00,5.52,5.52,
10,1,2020,26.40,21.89,32.13,64.80,41.46,83.19,1.75,23.59,0.00,5.45,5.45,
11,1,2020,26.56,21.68,32.43,64.15,40.24,84.05,1.70,24.95,0.00,5.67,5.67,
12,1,2020,26.64,21.77,32.55,63.83,39.75,83.68,1.74,26.04,0.00,5.90,5.90,
13,1,2020,26.81,21.98,32.98,63.15,38.00,82.82,1.66,25.59,0.00,5.88,5.88,
14,1,2020,26.44,21.47,32.21,64.65,41.14,84.90,1.50,25.24,0.00,5.53,5.53,
15,1,2020,26.17,20.93,32.50,65.76,39.96,87.10,1.70,26.83,0.00,5.92,5.92,
16,1,2020,26.30,22.49,32.08,65.24,41.67,80.75,1.67,20.59,0.00,4.96,4.96,
17,1,2020,26.45,21.98,32.21,64.62,41.14,82.82,1.76,21.71,0.00,5.19,5.19,
18,1,2020,26.83,22.36,32.13,63.07,41.46,81.28,1.74,20.19,2.79,4.95,,
19,1,2020,25.92,22.31,30.59,66.74,47.74,81.48,1.53,18.82,0.25,4.34,4.34,
20,1,2020,25.68,21.21,31.54,67.74,43.87,85.96,1.64,21.58,0.00,4.91,4.91,
21,1,2020,27.28,21.35,33.21,61.30,37.06,85.39,2.17,23.45,0.00,5.90,5.90,
22,1,2020,26.95,24.14,32.75,62.54,38.94,74.02,1.63,12.85,2.29,3.94,,
23,1,2020,26.68,24.65,30.44,63.68,48.35,71.94,1.80,12.82,3.56,3.73,,
24,1,2020,26.92,24.10,31.81,62.68,42.77,74.18,1.68,14.76,0.76,4.13,4.13,
25,1,2020,27.06,24.04,31.00,62.14,46.07,74.43,1.63,13.82,0.76,3.80,3.80,
26,1,2020,28.10,24.54,33.83,57.88,34.54,72.39,1.91,22.43,0.00,5.93,5.93,
27,1,2020,27.51,23.85,32.68,60.26,39.22,75.20,1.83,24.77,0.00,5.95,5.95,
28,1,2020,27.01,22.01,32.55,62.34,39.75,82.70,1.53,21.91,0.00,5.13,5.13,
29,1,2020,27.04,22.49,32.64,62.18,39.39,80.75,1.90,34.12,0.00,7.32,7.32,
30,1,2020,24.68,22.50,28.02,71.82,58.21,80.70,1.00,10.84,7.37,2.48,,
31,1,2020,26.54,22.13,32.12,64.23,41.50,82.21,1.35,21.06,0.25,4.80,4.80,
1,2,2020,27.05,23.99,31.96,71.44,48.19,84.50,1.38,19.23,0.00,4.37,4.37,
2,2,2020,26.95,23.33,32.25,71.05,47.30,85.10,1.40,16.79,3.05,4.01,,
3,2,2020,27.80,23.16,33.62,68.46,41.33,85.90,1.90,24.15,0.00,5.74,5.74,
4,2,2020,26.26,23.77,30.45,76.03,57.88,85.40,1.42,16.95,22.10,3.73,,
5,2,2020,27.07,23.28,32.19,70.49,44.86,86.80,1.70,23.86,3.30,5.34,,
6,2,2020,26.56,23.08,31.80,71.70,45.74,87.00,1.41,20.28,0.25,4.55,4.55,
7,2,2020,26.99,22.79,32.16,68.03,42.64,85.70,1.69,23.60,0.00,5.36,5.36,
8,2,2020,27.08,22.35,32.19,66.12,38.17,86.40,1.77,27.59,0.00,6.13,6.13,
9,2,2020,27.02,23.34,31.73,69.26,42.01,84.90,1.32,16.78,0.00,4.03,4.03,
10,2,2020,27.14,24.05,32.26,73.31,48.04,86.90,1.49,19.28,0.51,4.43,4.43,
11,2,2020,27.43,23.68,32.55,63.85,35.93,84.30,1.75,26.84,0.00,6.15,6.15,
12,2,2020,25.45,23.00,29.60,78.47,59.89,86.50,1.12,13.67,10.92,2.97,,
13,2,2020,26.17,23.98,30.70,76.94,57.96,85.80,0.97,11.02,0.51,2.55,2.55,
14,2,2020,26.58,22.97,30.85,71.67,51.56,87.00,1.39,19.69,0.00,4.27,4.27,
15,2,2020,26.52,22.41,32.41,69.00,39.27,86.70,1.46,22.97,0.25,5.19,5.19,
16,2,2020,26.54,21.95,32.25,69.65,44.11,87.00,1.57,20.45,0.51,4.74,4.74,
17,2,2020,27.06,23.20,32.37,68.82,42.84,86.50,1.60,20.37,0.51,4.80,4.80,
18,2,2020,26.98,23.59,32.52,68.60,38.36,84.20,1.71,21.56,1.78,5.22,,
19,2,2020,26.27,22.48,31.64,68.81,41.99,86.50,1.39,19.89,0.00,4.55,4.55,
20,2,2020,24.34,22.37,30.05,80.95,57.63,87.40,0.91,8.84,52.83,2.12,,
21,2,2020,25.47,21.97,29.71,79.50,60.94,86.70,1.31,15.72,4.82,3.35,,
22,2,2020,27.22,23.54,32.45,72.62,48.82,87.50,1.25,22.20,0.76,4.75,4.75,
23,2,2020,27.41,23.50,33.69,71.79,42.92,87.30,1.25,24.14,0.00,5.27,5.27,
24,2,2020,27.08,24.25,31.08,71.80,49.66,84.80,1.64,19.05,0.00,4.40,4.40,
25,2,2020,26.96,23.64,32.14,71.92,48.24,85.80,1.56,21.96,0.00,4.90,4.90,
26,2,2020,26.71,23.80,31.31,71.62,51.65,86.20,1.64,22.23,0.00,4.84,4.84,
27,2,2020,27.52,23.43,32.52,69.76,49.56,85.90,1.71,22.84,43.65,5.11,,
28,2,2020,27.97,24.44,32.80,69.24,43.71,83.80,1.83,23.29,0.00,5.47,5.47,
29,2,2020,27.16,23.67,31.57,69.22,48.34,86.80,1.64,21.91,0.00,4.88,4.88,
1,3,2020,26.67,22.48,31.76,66.70,40.88,86.50,1.29,22.39,0.00,4.91,4.91,
2,3,2020,26.59,22.32,31.28,67.41,44.89,84.60,1.22,19.57,0.00,4.33,4.33,
3,3,2020,27.03,22.91,32.08,68.53,44.82,85.70,1.31,20.61,0.00,4.60,4.60,
4,3,2020,27.73,23.82,32.28,67.71,45.77,84.20,1.68,17.87,0.00,4.42,4.42,
5,3,2020,28.03,23.70,34.52,66.61,34.36,86.60,1.61,33.94,0.00,7.39,7.39,
6,3,2020,28.16,23.88,33.95,66.93,36.19,85.10,1.74,24.39,0.00,5.86,5.86,
7,3,2020,27.10,23.38,31.97,70.88,47.00,84.70,1.14,18.10,0.00,4.05,4.05,
8,3,2020,26.75,22.46,32.13,70.09,44.98,86.90,1.36,21.19,0.00,4.70,4.70,
9,3,2020,26.55,21.95,32.20,67.23,41.16,86.90,1.52,25.12,0.00,5.51,5.51,
10,3,2020,26.40,20.93,31.56,69.57,49.13,85.10,1.61,18.90,0.00,4.37,4.37,
11,3,2020,27.16,23.05,32.27,69.07,44.84,85.80,1.67,19.54,0.00,4.67,4.67,
12,3,2020,25.03,23.15,29.18,79.39,54.70,86.20,1.15,11.55,20.07,2.72,1.22,
13,3,2020,25.45,23.21,29.55,75.75,54.82,87.70,1.22,13.39,3.81,3.04,1.37,
14,3,2020,26.26,23.29,30.31,71.81,46.86,85.40,1.30,21.41,0.25,4.57,2.06,
15,3,2020,24.55,23.22,28.69,83.35,65.86,87.80,0.87,9.52,57.15,2.07,0.93,
16,3,2020,24.31,22.93,27.93,83.33,68.06,87.70,1.14,10.63,28.96,2.30,1.03,
17,3,2020,26.45,23.49,31.88,73.04,44.76,85.90,1.14,19.36,3.56,4.27,1.92,
18,3,2020,25.63,23.27,31.09,79.20,54.55,87.80,1.39,16.72,37.59,3.74,1.68,
19,3,2020,26.53,23.18,32.26,74.25,46.03,86.00,1.50,20.93,0.00,4.75,2.14,
20,3,2020,27.50,23.33,33.56,69.12,39.52,85.70,1.62,24.80,0.00,5.71,2.57,
21,3,2020,27.90,23.80,33.78,70.35,41.71,85.20,1.33,23.66,0.00,5.30,2.39,
22,3,2020,28.15,23.63,34.95,68.13,37.95,85.80,1.14,22.68,0.00,5.14,2.31,
23,3,2020,27.74,24.24,32.60,72.01,48.31,86.40,1.54,19.77,0.00,4.57,2.05,
24,3,2020,27.36,23.87,32.47,72.65,45.68,87.30,1.38,20.99,0.25,4.70,2.11,
25,3,2020,26.29,23.31,31.38,76.99,58.75,87.40,1.66,21.43,6.86,4.53,2.04,
26,3,2020,27.06,23.14,33.05,73.98,46.02,87.70,1.34,19.62,0.00,4.47,2.01,
27,3,2020,24.57,22.31,27.31,84.14,74.05,88.50,1.00,7.67,17.78,1.67,0.75,
28,3,2020,25.86,23.17,30.26,77.54,53.43,88.30,1.40,20.21,12.45,4.27,1.92,
29,3,2020,24.55,23.33,28.52,85.84,71.61,88.10,1.05,8.70,63.00,1.92,0.87,
30,3,2020,25.23,22.04,29.95,79.76,52.75,88.60,0.76,16.23,3.30,3.28,1.48,
31,3,2020,26.26,22.57,30.33,75.76,52.58,88.30,1.48,22.85,4.83,4.73,2.13,
1,4,2020,26.14,23.42,30.80,77.46,54.91,88.20,1.42,22.55,10.41,4.65,2.09,
2,4,2020,26.08,23.18,29.61,77.69,57.70,87.90,1.35,14.55,1.02,3.24,1.46,
3,4,2020,26.32,23.82,30.83,77.96,56.65,88.10,1.01,17.06,1.78,3.56,1.60,
4,4,2020,27.42,23.14,32.31,74.46,53.40,87.60,1.19,21.42,0.00,4.48,2.02,
5,4,2020,27.51,23.85,32.47,75.69,52.56,88.30,1.31,21.50,0.00,4.59,2.06,
6,4,2020,26.35,23.13,30.47,78.08,56.67,88.70,0.98,16.75,0.25,3.47,1.56,
7,4,2020,26.42,22.91,31.55,74.65,50.82,88.30,1.03,17.48,0.76,3.75,1.69,
8,4,2020,26.52,22.47,32.28,72.97,48.54,88.20,0.95,21.32,0.00,4.40,1.98,
9,4,2020,26.97,22.91,33.54,73.61,40.54,87.70,0.93,21.38,0.00,4.60,2.07,
10,4,2020,26.94,22.38,32.82,73.68,46.28,88.10,1.14,21.64,0.00,4.64,2.09,
11,4,2020,26.97,22.79,32.57,72.65,46.53,88.00,1.29,22.48,0.00,4.85,2.18,
12,4,2020,26.59,22.61,31.54,72.89,52.23,87.70,1.43,21.89,0.00,4.65,2.09,
13,4,2020,26.51,21.93,31.84,68.49,42.98,87.80,1.28,22.97,0.00,4.94,2.22,
14,4,2020,25.94,21.39,31.90,68.90,43.73,86.20,1.20,22.76,0.00,4.85,2.18,
15,4,2020,26.44,21.18,32.93,70.70,39.37,86.40,1.37,20.86,0.00,4.83,2.17,
16,4,2020,25.20,23.37,29.52,82.67,62.68,87.80,0.87,11.62,37.08,2.47,1.11,
17,4,2020,26.49,23.52,31.38,77.11,46.55,88.50,1.36,21.52,10.41,4.66,2.10,
18,4,2020,26.26,22.81,32.35,78.21,50.71,88.10,1.02,16.90,8.38,3.69,1.66,
19,4,2020,25.25,22.98,29.18,80.96,60.32,88.20,0.94,11.54,12.70,2.50,1.13,
20,4,2020,25.93,22.60,30.89,74.84,51.88,88.20,1.36,20.90,0.25,4.42,1.99,
21,4,2020,25.71,21.76,30.77,75.26,55.02,88.20,1.24,14.53,0.51,3.27,1.47,
22,4,2020,25.31,22.71,30.80,79.51,55.98,88.00,1.29,17.44,1.27,3.76,1.69,
23,4,2020,25.87,22.52,30.49,76.66,57.78,87.80,0.94,18.14,0.00,3.66,1.65,
24,4,2020,24.40,22.90,29.86,83.90,61.31,88.60,0.52,7.63,42.67,1.65,0.74,
25,4,2020,25.53,22.02,29.92,77.46,53.08,89.20,1.42,19.07,6.10,4.06,1.83,
26,4,2020,24.18,22.80,27.34,85.78,74.38,88.60,0.90,7.29,41.40,1.57,0.71,
27,4,2020,25.61,22.83,30.27,79.53,58.09,88.50,1.09,16.18,11.94,3.39,1.53,
28,4,2020,25.53,22.53,29.93,75.70,51.46,88.60,1.17,20.98,1.27,4.29,1.93,
29,4,2020,25.47,22.37,30.05,76.34,53.33,88.40,1.35,19.78,5.08,4.15,1.87,
30,4,2020,24.42,21.92,29.01,84.00,67.12,88.70,1.29,11.90,170.69,2.58,1.16,
1,5,2020,25.57,23.54,29.31,81.50,63.29,88.80,0.88,13.94,13.46,2.84,1.28,
2,5,2020,26.25,23.17,30.37,77.71,54.64,88.70,1.21,20.18,3.81,4.15,1.87,
3,5,2020,26.04,22.30,31.45,75.53,48.17,89.00,0.94,20.76,0.00,4.26,1.92,
4,5,2020,25.84,22.96,30.53,77.83,46.99,88.60,1.24,20.00,5.08,4.29,1.93,
5,5,2020,25.83,23.07,29.90,78.82,57.40,89.20,1.40,17.80,0.76,3.78,1.70,
6,5,2020,26.12,22.72,30.73,76.87,50.67,88.70,0.99,19.43,1.78,4.00,1.80,
7,5,2020,25.73,22.88,30.10,79.10,57.28,88.10,0.78,14.43,8.89,2.96,1.33,
8,5,2020,25.76,22.25,30.58,73.58,47.09,88.10,1.03,20.23,0.00,4.20,1.89,
9,5,2020,25.56,21.78,30.40,72.66,42.47,88.20,1.19,21.35,0.00,4.53,2.04,
10,5,2020,24.21,22.48,27.87,84.96,65.94,88.60,0.74,9.24,12.70,1.93,0.87,
11,5,2020,25.16,22.57,29.07,80.25,61.31,88.50,1.26,14.72,3.05,3.12,1.41,
12,5,2020,25.05,23.12,28.52,82.48,65.55,89.00,0.95,15.06,12.95,2.98,1.34,
13,5,2020,25.43,22.91,29.21,80.36,62.21,88.20,1.17,15.84,11.94,3.26,1.47,
14,5,2020,25.56,22.50,29.74,78.71,58.93,88.70,1.37,18.33,0.51,3.80,1.71,
15,5,2020,25.49,21.92,29.45,76.08,53.58,87.90,1.23,16.09,0.76,3.48,1.57,
16,5,2020,25.33,20.97,29.81,75.82,52.21,88.80,1.20,19.62,0.25,4.04,1.82,
17,5,2020,24.86,23.01,28.56,83.40,65.30,88.40,0.68,9.71,5.59,2.01,0.91,
18,5,2020,25.74,22.97,30.15,79.46,59.27,89.00,0.98,14.97,1.52,3.12,1.40,
19,5,2020,25.97,23.31,29.99,79.55,58.07,89.10,1.25,15.93,2.29,3.41,1.54,
20,5,2020,25.06,23.16,28.02,83.04,67.62,88.20,1.04,8.57,27.43,1.94,0.87,
21,5,2020,25.24,22.42,28.85,80.83,62.94,88.00,1.08,12.78,7.87,2.71,1.22,
22,5,2020,25.09,21.98,29.77,80.33,59.25,88.50,1.06,17.61,1.52,3.56,1.60,
23,5,2020,24.92,23.05,28.36,83.77,67.96,88.50,0.91,13.41,17.53,2.67,1.20,
24,5,2020,23.92,22.52,26.61,86.09,74.14,89.20,0.75,6.26,19.05,1.34,0.60,
25,5,2020,25.56,21.97,30.61,79.42,57.21,89.50,1.07,16.00,3.81,3.36,1.51,
26,5,2020,26.16,23.48,32.07,78.84,55.06,89.20,0.84,14.65,0.25,3.13,1.41,
27,5,2020,26.97,22.68,33.13,76.34,44.58,88.50,0.80,17.93,0.00,3.84,1.73,
28,5,2020,25.89,22.62,30.83,77.97,53.75,88.60,1.23,14.64,26.17,3.31,1.49,
29,5,2020,24.14,22.20,27.39,78.74,60.58,88.30,2.04,8.44,6.35,2.43,1.09,
30,5,2020,22.89,22.04,24.37,88.02,86.30,89.20,1.74,5.41,40.39,1.23,0.55,
31,5,2020,24.23,22.57,29.47,85.63,62.71,89.30,0.78,8.86,25.65,1.96,0.88,
1,6,2020,24.71,22.39,30.19,82.12,56.54,89.40,0.78,13.84,0.25,2.87,1.29,
2,6,2020,24.48,21.82,29.77,81.43,60.09,89.30,0.89,14.76,2.54,3.00,1.35,
3,6,2020,24.66,22.21,28.93,82.00,66.03,89.00,0.86,14.35,6.86,2.83,1.27,
4,6,2020,24.77,21.67,28.73,80.61,63.59,89.40,1.21,15.53,2.29,3.16,1.42,
5,6,2020,24.10,21.14,29.22,79.43,54.98,88.90,1.12,13.76,3.05,3.00,1.35,
6,6,2020,24.28,20.82,29.48,77.95,54.33,88.70,1.40,15.17,0.25,3.39,1.52,
7,6,2020,24.00,21.10,28.40,80.80,60.93,89.00,1.16,11.51,5.08,2.54,1.14,
8,6,2020,24.06,20.93,29.05,77.97,56.31,88.50,1.22,16.72,1.02,3.48,1.57,
9,6,2020,23.53,21.54,28.13,82.84,60.38,88.80,0.75,10.09,13.46,2.13,0.96,
10,6,2020,24.69,21.67,29.05,79.06,53.80,89.10,1.31,17.20,2.29,3.65,1.64,
11,6,2020,24.53,20.94,28.70,79.38,59.18,88.70,1.29,17.55,3.30,3.57,1.61,
12,6,2020,23.91,20.03,28.65,76.97,51.72,88.20,1.23,17.45,3.56,3.65,1.64,
13,6,2020,22.93,20.19,28.46,86.20,65.48,89.50,1.83,9.86,46.99,2.46,1.11,
14,6,2020,23.00,21.31,27.59,84.85,71.98,89.40,1.13,8.83,61.47,1.91,0.86,
15,6,2020,22.27,20.81,23.86,86.98,75.84,89.30,1.47,1.86,56.64,0.82,0.37,
16,6,2020,23.61,20.28,28.38,78.15,54.10,89.10,1.43,15.59,3.05,3.40,1.53,
